,City,2017 Population,2017 Violent Crime,2016 Population,2016 Violent Crime,2015 Population,2015 Violent Crime,2014 Population,2014 Violent Crime,Crime Rate 2017,Crime Rate 2016,Crime Rate 2015,Crime Rate 2014
88,Columbus,872205,4478,862515,4500,847745.0,4758.0,830811.0,4640.0,0.5134114113081214,0.5217300568685762,0.5612536788774926,0.5584904388603424
49,Cleveland,385351,5999,386227,6299,387921.0,4506.0,388655.0,5205.0,1.5567625359736967,1.6309061769373971,1.1615767127843042,1.3392340250350567
61,Parma,79340,141,79576,108,79655.0,79.0,80168.0,68.0,0.1777161583060247,0.13571931235548407,0.09917770384784381,0.08482187406446463
166,Canton,71031,836,71652,677,72111.0,814.0,72391.0,730.0,1.1769509087581478,0.9448445263216658,1.1288152986368238,1.0084126479811026
121,Youngstown,63878,447,64170,415,64597.0,478.0,64658.0,427.0,0.6997714393061774,0.6467196509272246,0.7399724445407682,0.6603977852701909
116,Lorain,63672,373,63561,127,63700.0,171.0,63619.0,244.0,0.5858148008543786,0.19980805840059154,0.2684458398744113,0.3835332212075009
23,Springfield,58843,370,59503,411,59804.0,355.0,58891.0,442.0,0.6287918698910661,0.6907214762280893,0.5936057788776671,0.7505391316160364
58,Lakewood,50151,74,50349,63,50653.0,19.0,50923.0,66.0,0.14755438575501983,0.1251266162187928,0.037510117860738754,0.1296074465369283
10,Ashtabula,49924,42,49784,54,50154.0,59.0,50631.0,37.0,0.08412787436904094,0.10846858428410734,0.1176376759580492,0.07307775868539038
56,Euclid,47270,303,47416,275,47664.0,221.0,47969.0,12.0,0.6409985191453353,0.5799730048928632,0.4636623027861698,0.025016156267589486
112,Mentor,46663,72,46852,51,46802.0,59.0,46937.0,3.0,0.15429783768724686,0.10885341074020319,0.12606298876116406,0.00639154611500522
160,Mansfield,46507,248,46656,209,46605.0,236.0,46145.0,215.0,0.5332530586793386,0.44795953360768176,0.5063834352537281,0.46592263517174126
66,Strongsville,44758,18,44626,19,44638.0,35.0,44731.0,41.0,0.040216274185620446,0.04257607672657196,0.07840853084815629,0.09165902841429881
55,Cleveland Heights,44525,131,44696,145,44942.0,84.0,45207.0,106.0,0.2942167321729366,0.32441381779130124,0.18690756975657516,0.23447696153250605
104,Findlay,41474,128,41156,53,41095.0,113.0,41613.0,80.0,0.30862709167189084,0.12877830692973077,0.27497262440686215,0.1922476149280273
92,Grove City,40421,47,40161,43,39251.0,47.0,37945.0,38.0,0.11627619306795972,0.10706904708548094,0.11974217217395734,0.100144946633285
79,Lancaster,40026,127,39959,141,39793.0,99.0,39453.0,109.0,0.31729375905661317,0.3528616832253059,0.2487874751840776,0.2762781030593364
173,Warren,39643,227,40005,228,40425.0,228.0,40592.0,182.0,0.5726105491511743,0.5699287589051368,0.5640074211502784,0.44836420969649193
120,Boardman,39276,61,39692,54,39887.0,67.0,40047.0,65.0,0.1553111314797841,0.13604756626020356,0.16797452804171784,0.1623092865882588
72,Dublin,39242,27,38892,20,38074.0,21.0,37361.0,7.0,0.0688038326283064,0.051424457471973675,0.055155749330251615,0.0187361152003426
0,Lima,37220,275,37715,356,38154.0,347.0,38265.0,353.0,0.738850080601827,0.9439215166379424,0.9094721392252451,0.9225140467790408
90,Gahanna,35243,25,34859,20,34508.0,23.0,34249.0,24.0,0.07093607241154272,0.05737399236925902,0.06665121131331865,0.07007503868726095
93,Upper Arlington,35214,12,35150,16,34838.0,10.0,34600.0,4.0,0.03407735559720566,0.04551920341394026,0.02870428842069005,0.011560693641618497
126,Brunswick,34838,21,34774,25,34692.0,17.0,34620.0,19.0,0.060279005683449106,0.07189279346638293,0.049002651908220916,0.05488157134604275
117,North Ridgeville,33586,17,33095,12,32469.0,11.0,31706.0,11.0,0.05061632823200143,0.03625925366369542,0.033878468693215064,0.03469374881725856
179,Mason,33406,12,33026,6,31793.0,13.0,31416.0,11.0,0.03592169071424295,0.01816750439048023,0.040889503978863276,0.0350140056022409
67,Westlake,32330,13,32353,14,32358.0,16.0,32416.0,12.0,0.040210330961954845,0.04327264859518437,0.04944681377093763,0.037018756169792694
187,Bowling Green,31779,41,31404,42,31878.0,48.0,32145.0,38.0,0.12901601686648415,0.13374092472296523,0.1505740636175419,0.1182143412661378
75,Westerville,30887,35,30397,16,27775.0,14.0,29630.0,22.0,0.11331628193090944,0.05263677336579267,0.05040504050405041,0.07424907188660142
154,Kent,30270,44,29995,67,29831.0,65.0,32582.0,76.0,0.14535844070036338,0.2233705617602934,0.2178941369716067,0.23325762691056412
155,Kent,30270,44,29995,67,29831.0,65.0,32582.0,76.0,0.14535844070036338,0.2233705617602934,0.2178941369716067,0.23325762691056412
57,Garfield Heights,27846,0,27938,37,28088.0,138.0,28273.0,108.0,0.0,0.13243610852602192,0.4913130162346909,0.3819898843419517
85,Reynoldsburg,27631,71,27474,61,27084.0,6.0,26889.0,42.0,0.25695776482935834,0.22202809929387785,0.022153300841825433,0.15619770166238983
184,Wooster,27172,102,26883,73,26651.0,57.0,26455.0,73.0,0.37538642720447524,0.27154707435926045,0.21387565194551797,0.2759402759402759
127,Medina,26199,17,26280,13,26496.0,29.0,26551.0,21.0,0.0648879728233902,0.04946727549467276,0.10945048309178745,0.07909306617453203
137,Troy,25865,38,25745,22,25649.0,61.0,25500.0,41.0,0.14691668277595205,0.08545348611380851,0.23782603610277203,0.1607843137254902
11,Athens,25526,34,25203,27,23960.0,22.0,24083.0,27.0,0.13319752409308155,0.1071301035591001,0.09181969949916528,0.1121122783706349
141,Zanesville,25457,100,25494,93,25337.0,92.0,25415.0,103.0,0.3928192638566995,0.36479171569781127,0.36310534001657657,0.4052724768837301
76,Sandusky,24861,70,25078,45,25213.0,55.0,25236.0,73.0,0.28156550420337073,0.17944014674216446,0.21814143497402133,0.289269297828499
177,Marysville,23622,17,22952,7,22851.0,12.0,22460.0,11.0,0.07196681060028787,0.03049843150923667,0.05251411316791388,0.04897595725734639
128,Wadsworth,23388,24,21910,24,21966.0,17.0,21894.0,11.0,0.1026167265264238,0.10953902327704243,0.07739233360648275,0.05024207545446241
64,Solon,23023,13,22971,11,23014.0,13.0,23113.0,8.0,0.0564652738565782,0.047886465543511385,0.0564873555227253,0.034612555704581834
114,Willoughby,22857,34,22701,45,22495.0,27.0,22501.0,22.0,0.14875092969331058,0.19822915290075327,0.12002667259390977,0.09777343229189814
125,Alliance,21803,75,21973,99,21984.0,131.0,22152.0,75.0,0.3439893592624868,0.4505529513493834,0.5958879184861717,0.33856988082340195
188,Perrysburg,21732,7,21548,8,21511.0,8.0,21518.0,4.0,0.03221056506534143,0.03712641544458883,0.037190274743154665,0.018589088205223533
162,Chillicothe,21695,93,21692,94,21696.0,100.0,21896.0,81.0,0.4286702005070293,0.43333947999262395,0.4609144542772861,0.3699305809280234
65,South Euclid,21628,33,21686,35,21772.0,37.0,21895.0,22.0,0.15257998890327354,0.16139444803098774,0.16994304611427521,0.10047956154373146
135,Piqua,20973,54,20845,39,20821.0,52.0,20746.0,35.0,0.25747389500786727,0.18709522667306308,0.24974785072763078,0.16870722066904464
7,Ashland,20485,25,20278,24,20144.0,20.0,20293.0,15.0,0.12204051745179399,0.11835486734391952,0.09928514694201747,0.07391711427585868
165,Sidney,20466,42,20797,45,20836.0,39.0,20961.0,37.0,0.20521841102316035,0.21637736211953645,0.18717604146669226,0.17651829588283
113,Painesville,19719,11,19827,8,19913.0,17.0,20026.0,50.0,0.055783761854049395,0.04034901901447521,0.08537136543966253,0.24967542195146308
54,Broadview Heights,19228,1,19186,0,19224.0,11.0,19318.0,27.0,0.005200748907842729,0.0,0.057220141489804414,0.13976602132725954
52,Berea,18871,8,18805,11,18945.0,9.0,18981.0,19.0,0.042393089926342005,0.05849508109545333,0.047505938242280284,0.10010010010010009
175,Niles,18334,55,18538,53,18667.0,59.0,18848.0,64.0,0.29998909130577067,0.2858992340058259,0.3160657845395618,0.3395585738539898
69,Defiance,18083,13,16697,25,16698.0,28.0,16772.0,31.0,0.07189072609633358,0.1497274959573576,0.1676847526649898,0.18483186262818985
111,Eastlake,18056,14,18166,10,18261.0,11.0,18381.0,14.0,0.07753655294638902,0.05504789166574921,0.06023766496905975,0.07616560578858604
140,Springboro,17359,10,17119,11,16933.0,12.0,16722.0,12.0,0.05760700501180944,0.06425608972486711,0.0708675367625347,0.07176175098672408
171,North Canton,17348,12,17435,9,17496.0,20.0,17503.0,14.0,0.06917223887479824,0.051620303986234586,0.11431184270690445,0.07998628806490315
68,Defiance,16594,26,16697,25,16698.0,28.0,16772.0,31.0,0.1566831384837893,0.1497274959573576,0.1676847526649898,0.18483186262818985
109,Mount Vernon,16553,22,16685,17,16727.0,37.0,16740.0,32.0,0.13290642179665318,0.10188792328438717,0.2211992586835655,0.19115890083632017
164,Fremont,16241,31,16215,32,16380.0,46.0,16377.0,24.0,0.19087494612400716,0.19734813444341662,0.28083028083028083,0.14654698662758747
153,Aurora,15932,3,15897,11,15783.0,6.0,15586.0,9.0,0.01883002761737384,0.06919544568157514,0.038015586390420075,0.057744129346849735
35,Goshen,15860,7,15787,6,,,15626.0,11.0,0.044136191677175286,0.03800595426616837,,0.07039549468833994
50,Bay Village,15327,2,15346,2,15387.0,7.0,15435.0,3.0,0.013048868010700073,0.013032712107389547,0.04549294859296809,0.019436345966958212
87,Washington Court House,14136,41,13986,37,14060.0,42.0,14072.0,31.0,0.29003961516694965,0.26455026455026454,0.29871977240398295,0.22029562251279136
151,Circleville,13972,57,13930,37,13482.0,39.0,13469.0,34.0,0.4079587746922416,0.2656137832017229,0.2892745883400089,0.25243150939193704
89,Bexley,13773,20,13775,26,13634.0,16.0,13543.0,15.0,0.14521164597400713,0.18874773139745915,0.11735367463693706,0.11075832533412094
59,Lyndhurst,13586,18,13624,14,13672.0,9.0,13744.0,6.0,0.1324893272486383,0.10275983558426305,0.06582796957284962,0.043655413271245634
182,Marietta,13582,23,13867,8,13927.0,13.0,14051.0,10.0,0.16934177587984098,0.05769092089132473,0.09334386443598765,0.07116931179275497
53,Brecksville,13432,2,13390,4,13426.0,6.0,13505.0,,0.01488981536628946,0.02987303958177745,0.044689408610159395,
115,Bellefontaine,13144,14,13073,23,13124.0,30.0,13156.0,29.0,0.10651247717589775,0.17593513348122083,0.22858884486437062,0.2204317421708726
70,Powell,13029,6,13273,0,12759.0,6.0,12410.0,2.0,0.046051116739580934,0.0,0.04702562896778745,0.016116035455278004
51,Bedford,12641,25,12678,30,12744.0,26.0,12831.0,24.0,0.19776916383197532,0.236630383341221,0.20401757689893282,0.18704699555763385
42,Wilmington,12416,23,12443,18,12350.0,25.0,12455.0,19.0,0.18524484536082472,0.14465964799485656,0.20242914979757085,0.1525491770373344
46,Salem,11883,21,11939,9,12029.0,17.0,12081.0,11.0,0.17672304973491543,0.0753831979227741,0.1413251309335772,0.09105206522638855
63,Seven Hills,11668,3,11661,4,11678.0,4.0,11713.0,6.0,0.025711347274597188,0.03430237543949919,0.03425244048638465,0.05122513446597797
178,Van Wert,10713,22,10794,29,10755.0,31.0,10763.0,31.0,0.2053579762904882,0.26866777839540484,0.2882380288238029,0.28802378519000277
95,New Albany,10670,4,10210,5,9531.0,5.0,9052.0,3.0,0.03748828491096533,0.04897159647404505,0.052460392403735186,0.03314184710561202
62,Richmond Heights,10432,19,10445,27,10481.0,14.0,10492.0,14.0,0.18213190184049077,0.2584968884633796,0.1335750405495659,0.13343499809378576
103,Cambridge,10391,8,10341,14,10436.0,27.0,10476.0,50.0,0.0769897026272736,0.13538342520065758,0.25871981602146416,0.47728140511645667
123,Struthers,10228,15,10314,27,10380.0,22.0,10451.0,31.0,0.14665623777864686,0.2617801047120419,0.2119460500963391,0.2966223327911205
118,London,10202,14,10092,7,10094.0,20.0,9996.0,14.0,0.13722799451088022,0.06936187078874356,0.19813750743015654,0.1400560224089636
136,Tipp City,9957,4,9941,7,9900.0,8.0,9839.0,5.0,0.04017274279401426,0.07041545116185494,0.0808080808080808,0.05081817257851408
38,Loveland,9953,10,2036,0,2002.0,0.0,1981.0,1.0,0.10047221943132723,0.0,0.0,0.05047955577990913
15,Wapakoneta,9809,14,9815,10,9807.0,9.0,9822.0,7.0,0.14272606789682946,0.10188487009679062,0.09177118384827164,0.07126858073712075
169,Louisville,9373,2,9115,14,9139.0,14.0,9150.0,12.0,0.02133788541555532,0.15359297860669227,0.15318962687383741,0.13114754098360656
86,Reynoldsburg,9137,25,27474,61,27084.0,6.0,26889.0,42.0,0.2736127831892306,0.22202809929387785,0.022153300841825433,0.15619770166238983
60,Olmsted Falls,8898,3,8859,3,8851.0,3.0,8901.0,3.0,0.033715441672285906,0.033863867253640365,0.03389447520054231,0.03370407819346141
74,Westerville,8531,9,30397,16,27775.0,14.0,29630.0,22.0,0.10549759699917946,0.05263677336579267,0.05040504050405041,0.07424907188660142
183,Orrville,8527,15,8514,16,8475.0,5.0,8445.0,6.0,0.17591180954614755,0.18792576932111815,0.058997050147492625,0.07104795737122557
129,Hinckley,7970,1,8041,6,7993.0,5.0,7873.0,4.0,0.012547051442910915,0.0746175848775028,0.06255473539346929,0.050806554045471866
91,Grandview Heights,7831,0,7502,1,7438.0,9.0,7058.0,5.0,0.0,0.013329778725673154,0.12100026888948642,0.07084159818645508
174,Hubbard,7533,8,7609,10,7654.0,8.0,7724.0,9.0,0.10619938935351123,0.1314233144959916,0.10452051215050953,0.11651993785603315
99,Wauseon,7407,10,7311,7,7316.0,10.0,7292.0,13.0,0.13500742540839747,0.09574613595951306,0.1366867140513942,0.17827756445419637
108,Logan,7077,18,7106,15,7150.0,12.0,7139.0,21.0,0.2543450614667232,0.21108922037714606,0.16783216783216784,0.2941588457767194
29,Milford,6910,14,6881,9,6910.0,6.0,6647.0,15.0,0.20260492040520983,0.13079494259555297,0.08683068017366136,0.22566571385587483
17,Martins Ferry,6731,13,6761,12,6791.0,9.0,6815.0,17.0,0.19313623532907442,0.17748853719863925,0.13252834634074512,0.2494497432134996
106,Hillsboro,6576,9,6547,8,6536.0,7.0,6598.0,7.0,0.13686131386861314,0.12219337100962271,0.10709914320685433,0.1060927553804183
131,Rittman,6496,9,6484,4,6454.0,4.0,6437.0,2.0,0.13854679802955666,0.061690314620604564,0.061977068484660676,0.031070374398011493
181,Belpre,6466,2,6484,11,6437.0,5.0,6429.0,5.0,0.03093102381688834,0.16964836520666254,0.07767593599502874,0.07777259293824856
163,Clyde,6191,4,6233,3,6290.0,3.0,6277.0,3.0,0.06460991762235503,0.048130916091769615,0.047694753577106515,0.04779353194201051
145,Port Clinton,5928,21,5939,13,5998.0,20.0,6029.0,22.0,0.354251012145749,0.2188920693719481,0.33344448149383127,0.36490296898324764
94,Groveport,5583,12,5813,5,5751.0,4.0,5700.0,6.0,0.21493820526598603,0.0860141063134354,0.06955312119631368,0.10526315789473684
168,Canal Fulton,5428,2,5489,2,5497.0,5.0,5506.0,4.0,0.036845983787767135,0.036436509382401165,0.09095870474804438,0.0726480203414457
189,Northwood,5423,19,5376,6,5371.0,10.0,5364.0,16.0,0.3503595795685045,0.11160714285714285,0.1861850679575498,0.2982848620432513
13,Nelsonville,5284,13,5159,11,5170.0,11.0,5348.0,8.0,0.24602573807721426,0.21321961620469082,0.2127659574468085,0.14958863126402394
100,Chardon,5199,10,5162,7,5195.0,4.0,5193.0,4.0,0.19234468166955185,0.13560635412630762,0.07699711260827719,0.0770267668014635
19,Saint Clairsville,5096,1,5090,4,,,5124.0,1.0,0.019623233908948195,0.07858546168958742,,0.0195160031225605
31,Amelia,4982,3,4957,0,4948.0,5.0,4919.0,3.0,0.06021678040947411,0.0,0.10105092966855296,0.06098800569221387
148,New Lexington,4716,11,4721,12,4708.0,13.0,4753.0,20.0,0.23324851569126379,0.25418343571277274,0.27612574341546303,0.4207868714496108
105,Greenfield,4582,13,4559,6,4559.0,10.0,4608.0,7.0,0.2837189000436491,0.13160780872998465,0.21934634788330776,0.15190972222222224
71,Dublin,4534,3,38892,20,38074.0,21.0,37361.0,7.0,0.06616674018526687,0.051424457471973675,0.055155749330251615,0.0187361152003426
132,Coldwater,4519,3,4501,0,4459.0,0.0,4454.0,1.0,0.06638636866563398,0.0,0.0,0.022451728783116298
45,East Palestine,4503,11,4548,6,4597.0,6.0,4601.0,6.0,0.24428159005107705,0.13192612137203166,0.13051990428540353,0.13040643338404695
158,Ottawa,4394,6,4385,3,4410.0,3.0,4391.0,1.0,0.13654984069185253,0.06841505131128849,0.06802721088435373,0.02277385561375541
119,West Jefferson,4347,2,4291,3,4284.0,2.0,4239.0,1.0,0.04600874166091557,0.06991377301328362,0.04668534080298786,0.02359046945034206
152,Ashville,4211,3,4207,1,4160.0,3.0,4113.0,2.0,0.07124198527665639,0.023769907297361538,0.07211538461538462,0.04862630683199611
16,Barnesville,4096,0,4112,1,4127.0,5.0,4129.0,,0.0,0.024319066147859923,0.12115338017930699,
1,Bluffton,3987,1,3953,1,3996.0,3.0,4060.0,4.0,0.025081514923501375,0.025297242600556536,0.07507507507507508,0.09852216748768472
185,Montpelier,3976,27,3980,14,4010.0,12.0,4048.0,9.0,0.6790744466800805,0.35175879396984927,0.29925187032418954,0.2223320158102767
3,Delphos,3927,3,3884,2,3906.0,1.0,3920.0,2.0,0.07639419404125286,0.051493305870236865,0.025601638504864313,0.05102040816326531
97,Swanton,3768,5,3754,3,3763.0,4.0,3597.0,,0.1326963906581741,0.07991475759190196,0.10629816635663034,
36,Goshen,3072,3,15787,6,,,15626.0,11.0,0.09765625,0.03800595426616837,,0.07039549468833994
4,Delphos,3052,3,3884,2,3906.0,1.0,3920.0,2.0,0.09829619921363039,0.051493305870236865,0.025601638504864313,0.05102040816326531
80,Baltimore,2973,0,2970,1,2961.0,2.0,2952.0,,0.0,0.03367003367003367,0.06754474839581223,
28,Bethel,2791,3,2782,6,2778.0,8.0,2762.0,6.0,0.10748835542816196,0.2156721782890007,0.28797696184305255,0.2172338884866039
144,Oak Harbor,2731,1,2705,1,2728.0,3.0,2738.0,5.0,0.03661662394727206,0.03696857670979667,0.10997067448680353,0.18261504747991236
102,Middlefield,2715,1,2694,0,2711.0,3.0,2715.0,,0.036832412523020254,0.0,0.11066027296200663,
33,New Richmond,2663,6,2651,12,2641.0,6.0,2618.0,2.0,0.22530980097634246,0.4526593738211996,0.2271866717152594,0.07639419404125286
138,Covington,2637,3,2633,3,2624.0,1.0,2606.0,1.0,0.11376564277588168,0.11393847322445878,0.038109756097560975,0.03837298541826554
176,Dennison,2625,2,2638,2,2637.0,0.0,2642.0,,0.0761904761904762,0.0758150113722517,0.0,
34,Williamsburg,2565,4,2560,3,2550.0,6.0,2536.0,2.0,0.15594541910331383,0.1171875,0.2352941176470588,0.07886435331230283
41,Sabina,2534,3,2530,2,2537.0,2.0,2548.0,4.0,0.11838989739542227,0.07905138339920949,0.07883326763894363,0.15698587127158556
73,Dublin,2510,1,38892,20,38074.0,21.0,37361.0,7.0,0.0398406374501992,0.051424457471973675,0.055155749330251615,0.0187361152003426
147,Crooksville,2491,0,2491,0,2484.0,2.0,2514.0,2.0,0.0,0.0,0.08051529790660225,0.07955449482895784
110,Fredericktown,2461,4,2486,6,2502.0,4.0,2478.0,2.0,0.16253555465258024,0.2413515687851971,0.15987210231814547,0.08071025020177562
24,Enon,2381,0,2389,0,2397.0,1.0,2414.0,,0.0,0.0,0.041718815185648725,
143,New Concord,2337,0,2317,0,2299.0,0.0,1567.0,,0.0,0.0,0.0,
48,West Lafayette,2287,3,2279,3,2277.0,3.0,2295.0,7.0,0.13117621337997376,0.13163668275559456,0.13175230566534915,0.30501089324618735
146,Genoa,2276,1,2301,1,2318.0,0.0,2319.0,3.0,0.04393673110720562,0.0434593654932638,0.0,0.129366106080207
5,Spencerville,2184,0,2195,1,2208.0,3.0,2207.0,3.0,0.0,0.04555808656036447,0.1358695652173913,0.1359311282283643
167,Brewster,2154,0,2169,0,2171.0,1.0,2162.0,2.0,0.0,0.0,0.046061722708429294,0.09250693802035154
37,Loveland,2070,2,2036,0,2002.0,0.0,1981.0,1.0,0.0966183574879227,0.0,0.0,0.05047955577990913
159,Leipsic,2022,1,2021,1,2038.0,0.0,2035.0,,0.04945598417408506,0.04948045522018803,0.0,
22,Minerva,1931,1,1944,3,1946.0,1.0,1941.0,1.0,0.05178663904712584,0.15432098765432098,0.051387461459403906,0.05151983513652757
170,Navarre,1901,1,1916,0,1925.0,2.0,1937.0,2.0,0.052603892688058915,0.0,0.1038961038961039,0.10325245224574084
161,Bellville,1864,0,1863,1,1869.0,2.0,1880.0,1.0,0.0,0.05367686527106817,0.1070090957731407,0.05319148936170213
6,Elida,1836,1,1852,0,1861.0,4.0,1866.0,,0.054466230936819175,0.0,0.21493820526598603,
12,Glouster,1793,3,1798,3,1787.0,2.0,1775.0,2.0,0.16731734523145567,0.16685205784204674,0.11191941801902631,0.11267605633802817
20,Minerva,1729,1,1944,3,1946.0,1.0,1941.0,1.0,0.057836899942163095,0.15432098765432098,0.051387461459403906,0.05151983513652757
27,Batavia,1656,0,1654,6,1652.0,2.0,1644.0,2.0,0.0,0.36275695284159615,0.12106537530266344,0.12165450121654502
25,South Charleston,1640,2,1655,2,1662.0,3.0,1667.0,,0.12195121951219512,0.12084592145015105,0.18050541516245489,
18,Powhatan Point,1562,0,1569,1,,,1577.0,3.0,0.0,0.06373486297004462,,0.19023462270133165
44,Lynchburg,1480,0,1482,4,1479.0,0.0,1490.0,3.0,0.0,0.2699055330634278,0.0,0.20134228187919465
9,Roaming Shores,1466,0,1471,0,1476.0,1.0,1486.0,1.0,0.0,0.0,0.06775067750677506,0.06729475100942127
101,Burton,1460,0,1463,0,1466.0,2.0,1462.0,,0.0,0.0,0.1364256480218281,
149,Somerset,1460,0,1461,0,1457.0,0.0,1470.0,,0.0,0.0,0.0,
82,Lithopolis,1448,0,1350,0,1287.0,0.0,1206.0,,0.0,0.0,0.0,
133,Fort Recovery,1436,1,1430,1,1419.0,0.0,1416.0,1.0,0.06963788300835655,0.06993006993006994,0.0,0.07062146892655367
186,Pioneer,1412,3,1406,2,1415.0,1.0,1373.0,2.0,0.2124645892351275,0.1422475106685633,0.0706713780918728,0.14566642388929352
157,West Alexandria,1339,1,1334,1,1341.0,3.0,1350.0,,0.07468259895444362,0.07496251874062969,0.22371364653243847,
107,Leesburg,1295,1,1289,0,1292.0,2.0,1305.0,,0.07722007722007722,0.0,0.15479876160990713,
142,Frazeysburg,1294,1,1321,1,1315.0,0.0,1313.0,1.0,0.07727975270479134,0.0757002271006813,0.0,0.07616146230007616
139,Springboro,1273,0,17119,11,16933.0,12.0,16722.0,12.0,0.0,0.06425608972486711,0.0708675367625347,0.07176175098672408
40,New Vienna,1201,0,1199,0,1202.0,1.0,1207.0,2.0,0.0,0.0,0.08319467554076539,0.16570008285004142
8,Geneva,1199,7,1207,7,1212.0,4.0,1220.0,5.0,0.5838198498748958,0.579950289975145,0.33003300330033003,0.4098360655737705
156,Hiram,1164,3,1238,0,1275.0,0.0,1283.0,,0.25773195876288657,0.0,0.0,
134,Rockford,1099,0,1105,2,1106.0,0.0,1113.0,,0.0,0.18099547511312217,0.0,
180,Maineville,1070,0,992,0,983.0,0.0,1024.0,,0.0,0.0,0.0,
150,Thornville,997,0,997,0,992.0,1.0,991.0,2.0,0.0,0.0,0.10080645161290322,0.20181634712411706
172,Beach City,989,0,1007,0,1008.0,0.0,1008.0,,0.0,0.0,0.0,
77,Milan,983,1,984,1,984.0,1.0,986.0,,0.10172939979654119,0.10162601626016261,0.10162601626016261,
84,Reynoldsburg,936,3,27474,61,27084.0,6.0,26889.0,42.0,0.3205128205128205,0.22202809929387785,0.022153300841825433,0.15619770166238983
14,Albany,899,0,918,0,909.0,0.0,889.0,1.0,0.0,0.0,0.0,0.11248593925759282
32,Felicity,825,3,830,2,831.0,3.0,823.0,1.0,0.36363636363636365,0.24096385542168677,0.36101083032490977,0.12150668286755771
39,Loveland,823,0,2036,0,2002.0,0.0,1981.0,1.0,0.0,0.0,0.0,0.05047955577990913
81,Carroll,520,0,519,0,520.0,0.0,521.0,,0.0,0.0,0.0,
26,South Vienna,375,0,378,1,379.0,1.0,382.0,,0.0,0.26455026455026454,0.2638522427440633,
78,Milan,356,0,984,1,984.0,1.0,986.0,,0.0,0.10162601626016261,0.10162601626016261,
2,Bluffton,170,0,3953,1,3996.0,3.0,4060.0,4.0,0.0,0.025297242600556536,0.07507507507507508,0.09852216748768472
96,New Albany,168,0,10210,5,9531.0,5.0,9052.0,3.0,0.0,0.04897159647404505,0.052460392403735186,0.03314184710561202
98,Swanton,145,0,3754,3,3763.0,4.0,3597.0,,0.0,0.07991475759190196,0.10629816635663034,
130,Rittman,114,0,6484,4,6454.0,4.0,6437.0,2.0,0.0,0.061690314620604564,0.061977068484660676,0.031070374398011493
83,Lithopolis,42,0,1350,0,1287.0,0.0,1206.0,,0.0,0.0,0.0,
124,Alliance,35,0,21973,99,21984.0,131.0,22152.0,75.0,0.0,0.4505529513493834,0.5958879184861717,0.33856988082340195
30,Milford,29,0,6881,9,6910.0,6.0,6647.0,15.0,0.0,0.13079494259555297,0.08683068017366136,0.22566571385587483
122,Youngstown,11,0,64170,415,64597.0,478.0,64658.0,427.0,0.0,0.6467196509272246,0.7399724445407682,0.6603977852701909
47,Salem,4,0,11939,9,12029.0,17.0,12081.0,11.0,0.0,0.0753831979227741,0.1413251309335772,0.09105206522638855
43,Lynchburg,2,0,1482,4,1479.0,0.0,1490.0,3.0,0.0,0.2699055330634278,0.0,0.20134228187919465
21,Minerva,2,0,1944,3,1946.0,1.0,1941.0,1.0,0.0,0.15432098765432098,0.051387461459403906,0.05151983513652757
